City_ID,City,Country,Date,Lat,Lng,Max Temp,Humidity,Cloudiness,Wind Speed
0,Cape Town,ZA,2021-09-21 15:41:22,-33.9258,18.4232,61.88,66,1,5.99
1,Longyearbyen,SJ,2021-09-21 15:43:10,78.2186,15.6401,43.0,95,100,3.49
2,Victoria,HK,2021-09-21 15:43:36,22.2855,114.1577,85.32,85,51,7.25
3,Baijiantan,CN,2021-09-21 15:52:03,45.6333,85.1833,64.27,16,100,14.67
4,Champerico,GT,2021-09-21 15:52:03,14.3,-91.9167,95.76,76,98,3.31
5,Provideniya,RU,2021-09-21 15:42:01,64.3833,-173.3,33.46,88,100,12.01
6,Bambous Virieux,MU,2021-09-21 15:42:28,-20.3428,57.7575,71.22,68,38,14.14
7,Mponela,MW,2021-09-21 15:52:03,-13.5319,33.7401,73.27,31,15,5.48
8,Buala,SB,2021-09-21 15:42:37,-8.145,159.5921,79.07,84,72,5.53
9,Chuzhou,CN,2021-09-21 15:52:04,32.3219,118.2978,73.74,81,0,5.86
10,Vila Franca Do Campo,PT,2021-09-21 15:44:02,37.7167,-25.4333,73.96,62,26,8.43
11,Punta Arenas,CL,2021-09-21 15:39:36,-53.15,-70.9167,51.3,74,100,17.0
12,Tuktoyaktuk,CA,2021-09-21 15:43:28,69.4541,-133.0374,34.99,73,100,21.85
13,Georgetown,MY,2021-09-21 15:42:43,5.4112,100.3354,80.89,84,98,5.64
14,Atuona,PF,2021-09-21 15:42:32,-9.8,-139.0333,77.2,78,18,20.87
15,Hithadhoo,MV,2021-09-21 15:43:10,-0.6,73.0833,84.07,74,75,16.55
16,Hobart,AU,2021-09-21 15:42:35,-42.8794,147.3294,53.06,79,98,3.0
17,Yangjiang,CN,2021-09-21 15:52:05,21.85,111.9667,80.65,87,94,3.22
18,Ribeira Grande,PT,2021-09-21 15:42:33,38.5167,-28.7,71.51,79,14,18.43
19,Bluff,NZ,2021-09-21 15:42:27,-46.6,168.3333,45.81,76,40,15.79
20,Busselton,AU,2021-09-21 15:42:28,-33.65,115.3333,53.1,71,0,4.54
21,Kalengwa,ZM,2021-09-21 15:52:05,-13.4659,25.0027,89.08,7,0,9.75
22,Tevriz,RU,2021-09-21 15:52:05,57.509,72.4042,37.67,89,100,8.46
23,Kavaratti,IN,2021-09-21 15:43:08,10.5669,72.642,81.97,79,12,15.28
24,Jamestown,US,2021-09-21 15:42:37,42.097,-79.2353,70.02,71,100,8.99
25,Barrow,US,2021-09-21 15:43:02,71.2906,-156.7887,28.42,92,100,19.82
26,Teknaf,BD,2021-09-21 15:52:06,20.8624,92.3058,79.41,85,100,4.07
27,Hilo,US,2021-09-21 15:42:44,19.7297,-155.09,76.28,84,74,3.4
28,Rikitea,PF,2021-09-21 15:42:27,-23.1203,-134.9692,73.67,71,0,14.76
29,Yellowknife,CA,2021-09-21 15:42:33,62.456,-114.3525,43.84,81,100,16.33
30,Lavrentiya,RU,2021-09-21 15:41:00,65.5833,-171.0,31.17,66,92,6.8
31,Bredasdorp,ZA,2021-09-21 15:39:54,-34.5322,20.0403,62.28,66,34,9.4
32,Nanortalik,GL,2021-09-21 15:42:42,60.1432,-45.2371,37.71,71,96,20.33
33,Hermanus,ZA,2021-09-21 15:42:31,-34.4187,19.2345,62.8,65,48,15.39
34,Portland,US,2021-09-21 15:44:13,45.5234,-122.6762,65.86,76,0,1.01
35,Saskylakh,RU,2021-09-21 15:42:35,71.9167,114.0833,33.44,92,100,6.08
36,Saint-Georges,GD,2021-09-21 15:52:07,12.0564,-61.7485,83.89,72,24,11.79
37,Kapaa,US,2021-09-21 15:42:38,22.0752,-159.319,71.47,98,16,13.38
38,Severo-Kurilsk,RU,2021-09-21 15:43:00,50.6789,156.125,48.58,86,56,15.14
39,Mar Del Plata,AR,2021-09-21 15:42:38,-38.0023,-57.5575,55.06,55,0,8.43
40,Isangel,VU,2021-09-21 15:43:57,-19.55,169.2667,71.06,79,33,4.72
41,Poum,NC,2021-09-21 15:50:01,-20.2333,164.0167,73.83,70,98,8.48
42,Evensk,RU,2021-09-21 15:50:19,61.95,159.2333,45.14,87,100,19.93
43,Dikson,RU,2021-09-21 15:42:42,73.5069,80.5464,33.76,75,93,3.78
44,Ilulissat,GL,2021-09-21 15:43:44,69.2167,-51.1,27.59,86,97,1.39
45,Carnarvon,AU,2021-09-21 15:43:06,-24.8667,113.6333,70.66,58,0,14.03
46,Kaitangata,NZ,2021-09-21 15:42:27,-46.2817,169.8464,39.34,90,12,7.0
47,Ushuaia,AR,2021-09-21 15:39:18,-54.8,-68.3,47.71,85,100,4.65
48,Geraldton,AU,2021-09-21 15:42:37,-28.7667,114.6,66.72,32,0,8.84
49,Uray,RU,2021-09-21 15:52:09,60.1247,64.7758,38.89,76,95,7.0
50,Karatau,KZ,2021-09-21 15:52:09,43.1667,70.4667,59.95,21,0,5.41
51,Beloha,MG,2021-09-21 15:43:37,-25.1667,45.05,70.09,62,22,8.5
52,Cabo San Lucas,MX,2021-09-21 15:44:00,22.8909,-109.9124,84.51,82,94,6.22
53,Cowra,AU,2021-09-21 15:52:10,-33.8333,148.6833,33.08,93,0,1.03
54,Wanning,CN,2021-09-21 15:50:58,18.8003,110.3967,80.42,86,51,3.27
55,Kamaishi,JP,2021-09-21 15:52:10,39.2667,141.8833,65.17,92,23,7.36
56,Sao Filipe,CV,2021-09-21 15:43:50,14.8961,-24.4956,81.55,75,44,11.32
57,Bengkulu,ID,2021-09-21 15:42:39,-3.8004,102.2655,76.3,89,97,4.25
58,Dongsheng,CN,2021-09-21 15:46:45,39.8161,109.9776,64.18,28,24,4.94
59,Mahebourg,MU,2021-09-21 15:43:08,-20.4081,57.7,71.26,68,23,14.03
60,Trairi,BR,2021-09-21 15:50:16,-3.2778,-39.2689,88.18,49,59,16.13
61,Bandarbeyla,SO,2021-09-21 15:44:16,9.4942,50.8122,77.52,81,99,28.68
62,Lasa,IT,2021-09-21 15:44:24,46.6166,10.7002,62.37,55,7,2.42
63,Pevek,RU,2021-09-21 15:43:13,69.7008,170.3133,26.2,90,98,5.37
64,Fayetteville,US,2021-09-21 15:52:11,35.0527,-78.8784,80.96,96,100,3.0
65,Turtas,RU,2021-09-21 15:52:11,58.9417,69.1325,39.99,82,100,8.55
66,Avarua,CK,2021-09-21 15:42:40,-21.2078,-159.775,75.29,75,100,2.57
67,Lazaro Cardenas,MX,2021-09-21 15:44:36,17.9583,-102.2,81.7,73,91,2.13
68,Puerto Ayora,EC,2021-09-21 15:39:34,-0.7393,-90.3518,72.55,79,86,8.01
69,Albany,US,2021-09-21 15:42:27,42.6001,-73.9662,71.73,70,100,1.01
70,Olinda,BR,2021-09-21 15:43:50,-8.0089,-34.8553,81.14,62,12,8.5
71,Nikolskoye,RU,2021-09-21 15:42:30,59.7035,30.7861,48.02,80,100,7.9
72,Barcelona,ES,2021-09-21 15:50:25,41.3888,2.159,75.02,59,94,1.99
73,Saint-Philippe,RE,2021-09-21 15:43:14,-21.3585,55.7679,68.22,72,40,10.63
74,Mataura,NZ,2021-09-21 15:42:30,-46.1927,168.8643,45.48,98,35,2.08
75,Amapa,BR,2021-09-21 15:52:13,1.0,-52.0,95.72,37,64,4.34
76,Weligama,LK,2021-09-21 15:49:27,5.9667,80.4167,78.39,88,10,8.1
77,Nome,US,2021-09-21 15:43:26,64.5011,-165.4064,29.05,78,100,5.32
78,Les Cayes,HT,2021-09-21 15:47:15,18.2,-73.75,88.72,57,0,8.34
79,Neiafu,TO,2021-09-21 15:52:13,-18.65,-173.9833,76.39,77,15,17.16
80,Vaini,TO,2021-09-21 15:42:36,-21.2,-175.2,72.59,72,56,17.52
81,Krasnobrodskiy,RU,2021-09-21 15:52:13,54.1581,86.4486,36.37,96,100,10.94
82,Myitkyina,MM,2021-09-21 15:50:30,25.3833,97.4,74.14,98,100,0.72
83,Pacific Grove,US,2021-09-21 15:43:31,36.6177,-121.9166,78.62,63,0,1.01
84,Bara,NG,2021-09-21 15:52:14,10.3744,10.7288,84.65,67,54,3.53
85,Matay,EG,2021-09-21 15:44:16,28.419,30.7792,95.0,17,0,13.76
86,Mayumba,GA,2021-09-21 15:52:14,-3.432,10.6554,76.57,82,100,7.65
87,Upington,ZA,2021-09-21 15:52:15,-28.4478,21.2561,76.48,7,0,9.78
88,Tiarei,PF,2021-09-21 15:44:14,-17.5333,-149.3333,77.38,76,3,9.15
89,Sapa,PH,2021-09-21 15:52:15,5.1544,120.3241,79.23,85,100,9.15
90,Anadyr,RU,2021-09-21 15:49:53,64.75,177.4833,34.63,99,100,2.37
91,Qaanaaq,GL,2021-09-21 15:39:44,77.484,-69.3632,13.62,71,62,9.71
92,Nosy Varika,MG,2021-09-21 15:52:15,-20.5833,48.5333,69.69,83,10,7.78
93,Rio Gallegos,AR,2021-09-21 15:42:34,-51.6226,-69.2181,60.33,52,84,4.7
94,Thinadhoo,MV,2021-09-21 15:43:48,0.5333,72.9333,84.27,74,6,15.46
95,Alice Springs,AU,2021-09-21 15:52:16,-23.7,133.8833,49.69,36,15,17.9
96,Iqaluit,CA,2021-09-21 15:41:40,63.7506,-68.5145,32.23,97,100,19.71
97,Constitucion,CL,2021-09-21 15:42:40,-35.3333,-72.4167,58.89,61,0,9.95
98,Cidreira,BR,2021-09-21 15:43:06,-30.1811,-50.2056,62.22,74,100,18.9
99,Port Moresby,PG,2021-09-21 15:52:16,-9.4431,147.1797,75.07,94,100,10.29
100,La Libertad,EC,2021-09-21 15:51:01,-2.2333,-80.9,72.3,77,99,8.01
101,Port Keats,AU,2021-09-21 15:50:44,-14.25,129.55,84.67,26,98,16.33
102,Asau,RO,2021-09-21 15:43:43,46.4333,26.4,56.75,61,50,3.83
103,Brus Laguna,HN,2021-09-21 15:52:17,15.75,-84.4833,89.04,55,44,5.5
104,East London,ZA,2021-09-21 15:42:32,-33.0153,27.9116,62.31,54,99,10.29
105,Kosa,RU,2021-09-21 15:52:17,59.9445,54.9977,34.57,86,30,4.03
106,Lebu,CL,2021-09-21 15:42:32,-37.6167,-73.65,56.68,58,0,8.7
107,Upernavik,GL,2021-09-21 15:43:38,72.7868,-56.1549,23.68,54,13,5.3
108,Xinxiang,CN,2021-09-21 15:52:17,35.3089,113.8672,71.1,59,0,4.25
109,Valparaiso,CL,2021-09-21 15:40:03,-33.0393,-71.6273,57.51,77,31,12.12
110,Krasnoselkup,RU,2021-09-21 15:50:57,65.7,82.4667,29.95,89,96,12.03
111,Chokurdakh,RU,2021-09-21 15:40:33,70.6333,147.9167,29.95,62,100,8.05
112,Port Hedland,AU,2021-09-21 15:44:08,-20.3167,118.5667,81.7,36,99,20.58
113,Talara,PE,2021-09-21 15:52:18,-4.5772,-81.2719,71.44,70,20,18.03
114,Dunedin,NZ,2021-09-21 15:49:31,-45.8742,170.5036,45.81,69,8,3.0
115,Alakurtti,RU,2021-09-21 15:52:18,66.9672,30.3491,39.63,82,61,4.27
116,Pontes E Lacerda,BR,2021-09-21 15:52:19,-15.2261,-59.3353,106.41,11,63,4.68
117,Chuy,UY,2021-09-21 15:43:19,-33.6971,-53.4616,58.19,64,2,16.02
118,Sisimiut,GL,2021-09-21 15:39:54,66.9395,-53.6735,35.29,66,83,10.0
119,Guasdualito,VE,2021-09-21 15:52:19,7.2424,-70.7324,80.02,89,96,2.91
120,Atar,MR,2021-09-21 15:44:05,20.5169,-13.0499,103.05,14,5,12.44
121,Jiblah,YE,2021-09-21 15:52:19,13.9216,44.1467,69.67,64,96,1.57
122,Aktash,RU,2021-09-21 15:52:19,50.3,87.7333,25.38,70,91,3.29
123,New Norfolk,AU,2021-09-21 15:42:29,-42.7826,147.0587,52.72,72,100,5.99
124,Luwuk,ID,2021-09-21 15:52:20,-0.9516,122.7875,73.06,88,100,4.5
125,Vila Velha,BR,2021-09-21 15:43:47,-20.3297,-40.2925,85.46,60,0,11.7
126,Los Llanos De Aridane,ES,2021-09-21 15:43:58,28.6585,-17.9182,71.13,78,13,8.66
127,Manavalakurichi,IN,2021-09-21 15:52:20,8.1333,77.3,80.35,84,13,15.03
128,Deniliquin,AU,2021-09-21 15:52:20,-35.5333,144.9667,46.99,85,53,5.97
129,Tura,IN,2021-09-21 15:42:32,25.5198,90.2201,72.93,85,100,3.36
130,Ankang,CN,2021-09-21 15:52:21,32.68,109.0172,69.94,86,21,0.36
131,Srednekolymsk,RU,2021-09-21 15:44:36,67.45,153.6833,27.05,68,61,5.21
132,Victor Harbor,AU,2021-09-21 15:44:54,-35.5667,138.6167,52.81,92,99,9.19
133,Kieta,PG,2021-09-21 15:42:44,-6.2167,155.6333,77.52,85,100,4.16
134,Yinchuan,CN,2021-09-21 15:52:21,38.4681,106.2731,73.65,19,99,3.8
135,Gizo,SB,2021-09-21 15:42:37,-8.103,156.8419,80.74,77,73,5.53
136,Esperance,AU,2021-09-21 15:42:45,-33.8667,121.9,56.52,41,0,16.31
137,Shimoda,JP,2021-09-21 15:43:08,34.6667,138.95,73.85,81,77,7.72
138,Dzaoudzi,YT,2021-09-21 15:52:22,-12.7887,45.2699,77.63,75,68,1.21
139,Morrope,PE,2021-09-21 15:43:52,-6.5417,-80.0111,71.8,61,51,13.53
140,Asyut,EG,2021-09-21 15:44:36,27.181,31.1837,97.14,13,0,15.64
141,Saint-Pierre,RE,2021-09-21 15:42:44,-21.3393,55.4781,68.29,62,2,10.09
142,Nusaybin,TR,2021-09-21 15:52:22,37.0778,41.2178,85.87,16,0,6.06
143,Tuatapere,NZ,2021-09-21 15:42:34,-46.1333,167.6833,45.82,90,72,3.8
144,Belmonte,BR,2021-09-21 15:52:22,-15.8631,-38.8828,81.99,65,33,12.68
145,San Vicente,AR,2021-09-21 15:52:23,-26.6167,-54.1333,77.25,55,84,8.08
146,Izumo,JP,2021-09-21 15:50:05,35.3667,132.7667,73.15,83,27,7.38
147,Wukari,NG,2021-09-21 15:52:23,7.85,9.7833,78.26,83,98,5.32
148,Khatanga,RU,2021-09-21 15:42:42,71.9667,102.5,30.79,94,100,9.46
149,Kodiak,US,2021-09-21 15:43:02,57.79,-152.4072,40.78,53,0,22.62
150,Padang,ID,2021-09-21 15:44:41,-0.9492,100.3543,77.85,86,98,4.25
151,Bodden Town,KY,2021-09-21 15:52:24,19.2833,-81.25,88.93,75,6,10.33
152,Baker City,US,2021-09-21 15:52:24,44.7749,-117.8344,53.19,40,0,4.18
153,Airai,TL,2021-09-21 15:43:12,-8.9266,125.4092,59.86,80,98,3.27
154,Berbera,SO,2021-09-21 15:48:13,10.4396,45.0143,89.55,66,3,0.65
155,Thompson,CA,2021-09-21 15:42:27,55.7435,-97.8558,42.3,67,100,2.08
156,Junnar,IN,2021-09-21 15:52:25,19.2,73.8833,70.97,94,98,6.69
157,Fortuna,US,2021-09-21 15:42:31,40.5982,-124.1573,71.13,35,0,3.62
158,Opuwo,NA,2021-09-21 15:50:07,-18.0607,13.84,94.39,11,11,7.14
159,Aborlan,PH,2021-09-21 15:52:25,9.4352,118.5492,77.86,87,99,0.83
160,Poplar Bluff,US,2021-09-21 15:52:25,36.757,-90.3929,78.67,91,100,2.04
161,Kuliyapitiya,LK,2021-09-21 15:52:25,7.4688,80.0401,78.06,88,13,5.08
162,Mineiros,BR,2021-09-21 15:52:25,-17.5694,-52.5511,100.99,11,28,4.07
163,Vostok,RU,2021-09-21 15:44:12,46.4856,135.8833,49.15,98,100,3.65
164,Ancud,CL,2021-09-21 15:42:33,-41.8697,-73.8203,54.5,61,0,1.86
165,San Patricio,US,2021-09-21 15:43:17,28.017,-97.5169,91.87,55,0,7.58
166,Karasjok,NO,2021-09-21 15:52:26,69.4719,25.5112,40.87,66,85,21.21
167,Storforshei,NO,2021-09-21 15:52:26,66.4043,14.5233,44.65,98,100,5.61
168,Hambantota,LK,2021-09-21 15:44:21,6.1241,81.1185,80.82,80,12,15.88
169,Luderitz,NA,2021-09-21 15:43:20,-26.6481,15.1594,70.9,43,3,13.62
170,Lakatoro,VU,2021-09-21 15:44:45,-16.0999,167.4164,76.17,78,44,8.39
171,Husavik,IS,2021-09-21 15:50:05,66.0449,-17.3389,41.95,91,91,3.13
172,Castro,BR,2021-09-21 15:43:03,-24.7911,-50.0119,89.44,26,2,6.35
173,Podgornoye,RU,2021-09-21 15:52:27,51.735,39.1496,50.9,87,100,4.7
174,Souillac,MU,2021-09-21 15:44:47,-20.5167,57.5167,71.37,69,10,12.59
175,Olavarria,AR,2021-09-21 15:44:14,-36.8927,-60.3225,59.22,40,0,7.09
176,Taoudenni,ML,2021-09-21 15:44:32,22.6783,-3.9836,111.16,6,0,2.17
177,Port Macquarie,AU,2021-09-21 15:52:28,-31.4333,152.9167,52.65,74,77,18.75
178,Axim,GH,2021-09-21 15:43:06,4.8699,-2.2405,79.97,78,36,10.13
179,Faanui,PF,2021-09-21 15:43:01,-16.4833,-151.75,78.08,73,6,8.99
180,Harper,LR,2021-09-21 15:44:32,4.375,-7.7169,80.04,80,43,9.69
181,Antofagasta,CL,2021-09-21 15:52:28,-23.65,-70.4,64.15,66,97,8.93
182,Clyde River,CA,2021-09-21 15:43:19,70.4692,-68.5914,30.6,70,59,8.3
183,Nenjiang,CN,2021-09-21 15:50:49,49.1833,125.2167,53.78,85,100,12.84
184,Tateyama,JP,2021-09-21 15:43:15,34.9833,139.8667,74.03,85,84,5.14
185,Pachino,IT,2021-09-21 15:52:29,36.7186,15.0907,85.6,74,100,8.16
186,Probistip,MK,2021-09-21 15:51:01,42.0031,22.1786,66.92,43,8,8.86
187,Scarborough,GB,2021-09-21 15:52:29,54.2797,-0.4044,71.78,53,79,1.01
188,Progreso,MX,2021-09-21 15:50:11,21.2833,-89.6667,88.11,67,25,9.08
189,Bereda,ES,2021-09-21 15:44:36,43.2686,-7.5406,70.0,67,8,9.4
190,Dingle,PH,2021-09-21 15:43:56,10.9995,122.6711,75.63,90,100,2.55
191,Hami,CN,2021-09-21 15:44:44,42.8,93.45,72.57,25,22,5.86
192,Katsuura,JP,2021-09-21 15:43:24,35.1333,140.3,74.19,89,97,3.74
193,Murindo,CO,2021-09-21 15:52:30,6.9848,-76.7544,85.84,71,86,2.57
194,Paralimni,CY,2021-09-21 15:52:30,35.0375,33.9833,80.11,80,0,7.0
195,Katherine,AU,2021-09-21 15:44:48,-14.4667,132.2667,75.15,39,64,11.48
196,Leningradskiy,RU,2021-09-21 15:43:53,69.3833,178.4167,22.82,91,100,13.31
197,Nantucket,US,2021-09-21 15:43:07,41.2835,-70.0995,75.09,82,94,8.68
198,Kilosa,TZ,2021-09-21 15:52:30,-6.8333,36.9833,78.03,53,78,4.34
199,Hamilton,US,2021-09-21 15:52:31,39.1834,-84.5333,71.26,95,98,1.01
200,Chateauroux,FR,2021-09-21 15:52:31,46.8167,1.7,67.62,53,39,9.28
201,Qasigiannguit,GL,2021-09-21 15:43:54,68.8193,-51.1922,28.67,87,90,0.51
202,Vavozh,RU,2021-09-21 15:52:31,56.7751,51.931,41.5,69,100,6.29
203,Santa Cruz De La Palma,ES,2021-09-21 15:52:31,28.6835,-17.7642,75.15,78,35,13.29
204,Abalak,RU,2021-09-21 15:52:31,58.1286,68.5944,38.71,74,100,5.84
205,Sorong,ID,2021-09-21 15:52:32,-0.8833,131.25,77.88,89,100,6.89
206,Cabedelo,BR,2021-09-21 15:44:26,-6.9811,-34.8339,81.99,62,8,11.32
207,Batagay-Alyta,RU,2021-09-21 15:52:32,67.8006,130.4114,30.76,88,100,2.93
208,Levelland,US,2021-09-21 15:52:32,33.5873,-102.378,66.18,35,100,21.56
209,Togur,RU,2021-09-21 15:52:32,58.3631,82.8265,34.57,94,100,10.0
210,Kavieng,PG,2021-09-21 15:43:15,-2.5744,150.7967,81.45,76,100,9.55
211,Batagay,RU,2021-09-21 15:50:52,67.6333,134.6333,32.67,81,100,3.4
212,Cherskiy,RU,2021-09-21 15:52:33,68.75,161.3,25.79,74,82,3.53
213,Vestmannaeyjar,IS,2021-09-21 15:44:25,63.4427,-20.2734,44.91,79,100,50.6
214,Seymchan,RU,2021-09-21 15:44:12,62.8833,152.4333,31.51,89,100,4.79
215,Tazovskiy,RU,2021-09-21 15:50:35,67.4667,78.7,34.11,76,100,13.82
216,Wangkui,CN,2021-09-21 15:52:33,46.8333,126.5,54.68,98,100,9.8
217,Yeppoon,AU,2021-09-21 15:44:06,-23.1333,150.7333,55.26,35,0,19.33
218,Ivrea,IT,2021-09-21 15:48:05,45.4672,7.8762,74.84,62,36,3.62
219,High Level,CA,2021-09-21 15:43:11,58.5169,-117.136,56.23,63,69,5.57
220,Naryan-Mar,RU,2021-09-21 15:52:34,67.6713,53.087,39.4,84,82,8.41
221,Bartica,GY,2021-09-21 15:50:00,6.4,-58.6167,81.82,89,73,4.05
222,Marmora,IT,2021-09-21 15:52:34,44.4583,7.094,63.0,78,91,3.31
223,Praia,CV,2021-09-21 15:43:15,14.9215,-23.5087,82.63,71,35,13.15
224,Flin Flon,CA,2021-09-21 15:52:34,54.7682,-101.865,49.55,54,56,3.06
225,Skibbereen,IE,2021-09-21 15:52:35,51.55,-9.2667,64.04,76,97,9.71
226,Tasiilaq,GL,2021-09-21 15:43:53,65.6145,-37.6368,30.67,56,100,4.97
227,Gigmoto,PH,2021-09-21 15:52:35,13.7796,124.39,81.09,86,95,7.94
228,Kruisfontein,ZA,2021-09-21 15:52:35,-34.0033,24.7314,57.88,71,74,6.44
229,Talnakh,RU,2021-09-21 15:44:13,69.4865,88.3972,30.54,87,17,1.7
230,Bagotville,AU,2021-09-21 15:52:35,-28.9833,153.4167,49.78,54,76,14.9
231,Tres Arroyos,AR,2021-09-21 15:52:36,-38.3739,-60.2798,60.12,40,0,4.21
232,Nioro,GM,2021-09-21 15:43:00,13.35,-15.75,91.62,58,99,6.06
233,Quatre Cocos,MU,2021-09-21 15:49:36,-20.2078,57.7625,71.1,69,46,14.5
234,Lamar,US,2021-09-21 15:42:39,33.6668,-95.5836,75.52,76,62,15.88
235,Sarab,IR,2021-09-21 15:52:36,38.6066,44.9883,73.96,27,0,4.76
236,Fiumicino,IT,2021-09-21 15:49:50,41.7675,12.2291,82.35,61,14,6.53
237,Zhigansk,RU,2021-09-21 15:44:26,66.7697,123.3711,36.39,86,100,9.42
238,Sept-Iles,CA,2021-09-21 15:46:01,50.2001,-66.3821,64.06,72,95,5.01
239,Sao Jose Da Coroa Grande,BR,2021-09-21 15:51:06,-8.8978,-35.1478,81.19,60,17,7.05
240,Lompoc,US,2021-09-21 15:43:34,34.6391,-120.4579,75.16,40,0,3.11
241,Taltal,CL,2021-09-21 15:51:12,-25.4,-70.4833,62.1,70,85,6.53
242,Auki,SB,2021-09-21 15:43:23,-8.7676,160.7034,76.35,90,71,2.77
243,Damietta,EG,2021-09-21 15:52:37,31.4165,31.8133,81.52,63,0,10.4
244,Tautira,PF,2021-09-21 15:43:21,-17.7333,-149.15,77.45,75,17,10.45
245,Butaritari,KI,2021-09-21 15:52:38,3.0707,172.7902,82.62,70,92,16.75
246,Lashio,MM,2021-09-21 15:52:38,22.9333,97.75,66.34,98,98,1.39
247,Kankakee,US,2021-09-21 15:52:38,41.15,-87.8667,66.04,97,100,11.32
248,Denpasar,ID,2021-09-21 15:49:40,-8.65,115.2167,77.14,87,95,5.01
249,Kholuy,RU,2021-09-21 15:52:38,56.575,41.8692,42.15,86,100,12.59
250,Nishihara,JP,2021-09-21 15:44:15,26.1842,127.7558,79.09,80,0,5.21
251,Manaure,CO,2021-09-21 15:43:59,11.7751,-72.4445,88.45,60,100,9.24
252,Lanxi,CN,2021-09-21 15:52:39,29.2195,119.477,71.38,79,0,1.63
253,Kedgwick,CA,2021-09-21 15:52:39,47.6446,-67.3434,65.93,54,82,10.74
254,Byron Bay,AU,2021-09-21 15:44:29,-28.65,153.6167,56.05,83,72,21.47
255,Vegreville,CA,2021-09-21 15:52:39,53.5001,-112.0518,56.61,35,91,9.98
256,Alyangula,AU,2021-09-21 15:49:37,-13.8483,136.4192,79.65,48,90,23.24
257,Dawei,MM,2021-09-21 15:52:40,14.0833,98.2,75.45,96,100,5.64
258,Shirgaon,IN,2021-09-21 15:52:40,19.7,72.7,79.74,87,100,8.81
259,Humberto De Campos,BR,2021-09-21 15:52:40,-2.5983,-43.4611,88.32,52,78,10.65
260,Lerwick,GB,2021-09-21 15:50:49,60.1545,-1.1494,56.3,86,100,29.04
261,Omboue,GA,2021-09-21 15:50:18,-1.5746,9.2618,77.34,78,100,10.31
262,Tamiami,US,2021-09-21 15:52:41,25.7587,-80.3984,84.97,82,90,7.94
263,Labuhan,ID,2021-09-21 15:43:14,-6.8844,112.2051,79.88,79,100,7.36
264,Araouane,ML,2021-09-21 15:52:41,18.9048,-3.5265,106.52,11,4,4.79
265,Meadow Lake,US,2021-09-21 15:52:41,34.8014,-106.5436,66.61,34,0,10.11
266,Hay River,CA,2021-09-21 15:44:55,60.8156,-115.7999,47.26,84,100,10.22
267,Saint George,US,2021-09-21 15:43:44,37.1041,-113.5841,68.79,26,0,1.01
268,Qaqortoq,GL,2021-09-21 15:52:41,60.7167,-46.0333,39.0,48,100,9.46
269,Bethel,US,2021-09-21 15:52:42,41.3712,-73.414,72.55,73,28,1.01
270,Aklavik,CA,2021-09-21 15:43:31,68.2191,-135.0107,31.69,97,100,14.99
271,Arraial Do Cabo,BR,2021-09-21 15:42:45,-22.9661,-42.0278,75.78,74,0,1.86
272,Klaksvik,FO,2021-09-21 15:42:44,62.2266,-6.589,54.68,92,100,40.26
273,Vallenar,CL,2021-09-21 15:52:42,-28.5708,-70.7581,67.69,35,64,6.24
274,The Pas,CA,2021-09-21 15:52:42,53.8251,-101.2541,50.18,62,11,3.04
275,Nouakchott,MR,2021-09-21 15:52:19,18.0858,-15.9785,90.12,50,10,14.14
276,Coquimbo,CL,2021-09-21 15:50:08,-29.9533,-71.3436,57.67,69,86,7.11
277,Matamoros,MX,2021-09-21 15:47:44,25.5333,-103.25,83.1,42,73,7.54
278,Caravelas,BR,2021-09-21 15:43:37,-17.7125,-39.2481,84.87,57,4,13.27
279,Gallup,US,2021-09-21 15:52:43,35.5281,-108.7426,64.08,16,1,5.97
280,Faya,SA,2021-09-21 15:43:51,18.3851,42.4509,72.12,43,87,3.6
281,Trincomalee,LK,2021-09-21 15:52:43,8.5711,81.2335,83.41,70,38,9.69
282,Passau,DE,2021-09-21 15:47:52,48.5712,13.449,62.11,69,70,2.39
283,Vostochnyy,RU,2021-09-21 15:52:43,55.8167,37.8667,41.95,95,100,10.78
284,Lebanon,US,2021-09-21 15:52:44,36.2081,-86.2911,78.8,74,17,5.93
285,Belle Fourche,US,2021-09-21 15:52:44,44.6714,-103.8522,60.89,37,5,6.44
286,Sarangani,PH,2021-09-21 15:52:44,5.4033,125.4636,82.72,70,97,0.92
287,Fairbanks,US,2021-09-21 15:40:02,64.8378,-147.7164,30.02,77,100,3.6
288,Olafsvik,IS,2021-09-21 15:43:39,64.8945,-23.7142,40.28,91,100,38.9
289,Molina,CL,2021-09-21 15:52:44,-35.1167,-71.2833,65.53,48,0,6.35
290,Tomioka,JP,2021-09-21 15:52:44,36.25,138.9,70.77,79,4,3.18
291,Ponta Do Sol,PT,2021-09-21 15:43:01,32.6667,-17.1,79.12,47,72,1.52
292,Constantine,DZ,2021-09-21 15:52:45,36.365,6.6147,84.02,35,47,4.36
293,Isla Mujeres,MX,2021-09-21 15:52:45,21.2311,-86.731,84.94,70,52,8.52
294,Hashtgerd,IR,2021-09-21 15:52:45,35.9642,50.6858,78.4,21,0,5.19
295,Henties Bay,NA,2021-09-21 15:44:45,-22.116,14.2845,61.12,71,3,7.61
296,Ola,RU,2021-09-21 15:50:45,59.5833,151.2833,42.78,77,100,12.08
297,Horta,PT,2021-09-21 15:52:45,38.5333,-28.6333,71.11,78,26,15.19
298,Robertsport,LR,2021-09-21 15:52:46,6.7533,-11.3686,82.24,71,35,8.63
299,Inyonga,TZ,2021-09-21 15:52:46,-6.7167,32.0667,83.28,22,11,3.42
300,Malanje,AO,2021-09-21 15:43:40,-9.5402,16.341,86.68,27,75,1.21
301,San Cristobal,VE,2021-09-21 15:49:44,7.7669,-72.225,80.91,56,96,7.45
302,Peterhead,GB,2021-09-21 15:48:03,57.5058,-1.7981,67.71,69,100,7.54
303,Morro Bay,US,2021-09-21 15:52:46,35.3658,-120.8499,74.14,67,0,1.01
304,Krasnokamsk,RU,2021-09-21 15:52:47,58.0802,55.7541,36.59,86,9,2.28
305,Maragogi,BR,2021-09-21 15:43:22,-9.0122,-35.2225,80.92,60,21,7.4
306,San Quintin,MX,2021-09-21 15:52:47,30.4833,-115.95,76.03,62,0,5.73
307,Baruun-Urt,MN,2021-09-21 15:51:02,46.6806,113.2792,53.46,75,0,4.34
308,Cockburn Town,TC,2021-09-21 15:43:44,21.4612,-71.1419,83.28,77,4,18.07
309,Touros,BR,2021-09-21 15:52:47,-5.1989,-35.4608,85.98,55,54,15.21
310,Guerrero Negro,MX,2021-09-21 15:43:20,27.9769,-114.0611,77.77,53,5,4.61
311,Lorengau,PG,2021-09-21 15:52:48,-2.0226,147.2712,80.71,79,99,4.88
312,Mehamn,NO,2021-09-21 15:50:59,71.0357,27.8492,43.86,64,21,20.33
313,Bilibino,RU,2021-09-21 15:52:48,68.0546,166.4372,14.85,88,44,4.12
314,Mandalgovi,MN,2021-09-21 15:43:47,45.7625,106.2708,53.98,56,0,12.55
315,Torbay,CA,2021-09-21 15:52:48,47.6666,-52.7314,61.88,55,75,7.76
316,Roald,NO,2021-09-21 15:50:08,62.5833,6.1333,57.16,79,100,18.23
317,Pisco,PE,2021-09-21 15:43:43,-13.7,-76.2167,66.02,78,32,5.77
318,Laguna,US,2021-09-21 15:49:26,38.421,-121.4238,80.08,55,0,4.18
319,Kontagora,NG,2021-09-21 15:50:50,10.3999,5.4695,81.73,78,88,5.64
320,Lagos,NG,2021-09-21 15:45:55,6.5833,3.75,78.76,86,94,6.55
321,Buraydah,SA,2021-09-21 15:51:01,26.326,43.975,89.49,11,0,11.25
322,Grindavik,IS,2021-09-21 15:44:17,63.8424,-22.4338,43.68,78,100,39.19
323,Cairns,AU,2021-09-21 15:52:49,-16.9167,145.7667,67.06,98,72,6.76
324,Vicuna,CL,2021-09-21 15:44:14,-30.0319,-70.7081,69.67,38,0,8.19
325,Dovers,VC,2021-09-21 15:52:49,12.8833,-61.1833,83.43,73,43,13.22
326,Coihaique,CL,2021-09-21 15:40:28,-45.5752,-72.0662,60.03,46,0,1.83
327,Sosva,RU,2021-09-21 15:52:50,59.1766,61.8558,35.56,83,66,4.9
328,Meulaboh,ID,2021-09-21 15:43:23,4.1363,96.1285,77.43,84,100,2.28
329,Turiacu,BR,2021-09-21 15:52:50,-1.6633,-45.3717,90.81,45,49,9.73
330,Tarauaca,BR,2021-09-21 15:50:42,-8.1614,-70.7656,88.5,55,58,2.19
331,Chapais,CA,2021-09-21 15:44:00,49.7834,-74.8492,70.11,66,100,16.28
332,Acarau,BR,2021-09-21 15:52:50,-2.8856,-40.12,88.92,53,38,19.19
333,Muroto,JP,2021-09-21 15:52:51,33.2833,134.15,77.67,88,31,5.77
334,Beloye,UA,2021-09-21 15:52:51,48.4952,39.0505,55.49,60,83,8.32
335,Grand Gaube,MU,2021-09-21 15:52:52,-20.0064,57.6608,71.38,65,9,8.99
336,Arrecife,ES,2021-09-21 15:52:52,28.963,-13.5477,74.26,70,64,18.99
337,Kiama,AU,2021-09-21 15:52:52,-34.6833,150.8667,51.01,79,36,11.77
338,Adre,TD,2021-09-21 15:43:40,13.4667,22.2,85.78,48,100,1.36
339,Huilong,CN,2021-09-21 15:43:27,31.8111,121.655,76.98,81,0,8.95
340,Pailon,BO,2021-09-21 15:52:53,-17.65,-62.75,88.63,32,8,14.85
341,Arlit,NE,2021-09-21 15:51:04,18.7369,7.3853,103.8,7,2,3.49
342,Guiglo,CI,2021-09-21 15:52:53,6.5456,-7.4966,89.17,54,95,1.21
343,Bokhan,RU,2021-09-21 15:52:53,53.153,103.7714,40.17,66,11,1.21
344,Chanute,US,2021-09-21 15:52:53,37.6792,-95.4572,66.51,48,95,19.48
345,Jiuquan,CN,2021-09-21 15:52:53,39.7432,98.5174,64.58,27,74,2.21
346,Bridlington,GB,2021-09-21 15:50:13,54.0831,-0.1919,72.14,60,80,5.95
347,Katobu,ID,2021-09-21 15:44:56,-4.9408,122.5276,73.17,93,100,3.65
348,Kilindoni,TZ,2021-09-21 15:52:54,-7.9139,39.6668,76.77,78,0,13.06
349,Lumberton,US,2021-09-21 15:52:54,34.6182,-79.0086,78.94,87,100,9.84
350,Manadhoo,MV,2021-09-21 15:52:54,5.7667,73.3833,83.17,76,69,17.25
351,Port Alfred,ZA,2021-09-21 15:52:54,-33.5906,26.891,60.22,66,98,7.25
352,Port Elizabeth,ZA,2021-09-21 15:52:48,-33.918,25.5701,60.1,71,98,6.89
353,Dolinsk,RU,2021-09-21 15:52:55,47.35,142.8,54.66,91,100,5.48
354,San Lawrenz,MT,2021-09-21 15:52:55,36.0553,14.204,78.85,85,100,5.01
355,Oksbol,DK,2021-09-21 15:52:55,55.6268,8.2876,59.92,76,100,18.23
356,Juegang,CN,2021-09-21 15:52:55,32.3174,121.1855,71.83,79,0,9.42
357,Baykit,RU,2021-09-21 15:44:13,61.67,96.37,37.6,99,100,3.09
358,Belyy Yar,RU,2021-09-21 15:52:55,53.6039,91.3903,39.47,70,43,13.4
359,Kamina,CD,2021-09-21 15:52:56,-8.7386,24.9906,88.36,14,2,9.08
360,Boa Vista,BR,2021-09-21 15:52:56,2.8197,-60.6733,90.1,54,78,5.23
361,Wakkanai,JP,2021-09-21 15:52:56,45.4094,141.6739,61.54,76,100,12.48
362,Karratha,AU,2021-09-21 15:44:47,-20.7377,116.8463,82.22,33,94,10.02
363,Nemuro,JP,2021-09-21 15:50:14,43.3236,145.575,60.78,94,46,16.91
364,Valdivia,CL,2021-09-21 15:52:56,-39.8142,-73.2459,61.74,46,17,4.29
365,Rajampet,IN,2021-09-21 15:52:56,14.1833,79.1667,86.47,55,99,3.8
366,Valle De Allende,MX,2021-09-21 15:52:57,26.9333,-105.4,75.61,43,79,11.1
367,Baturaja,ID,2021-09-21 15:52:57,-4.1333,104.1667,74.89,83,43,2.64
368,Katy,US,2021-09-21 15:52:57,29.7858,-95.8244,89.1,78,19,1.01
369,Nizhniy Tsasuchey,RU,2021-09-21 15:52:57,50.5167,115.1333,51.48,80,94,8.84
370,Gewane,ET,2021-09-21 15:52:57,10.1664,40.6453,92.12,32,64,12.44
371,Lagoa,PT,2021-09-21 15:43:19,39.05,-27.9833,70.48,77,23,18.16
372,Umm Lajj,SA,2021-09-21 15:48:28,25.0213,37.2685,86.59,67,9,6.69
373,Hasaki,JP,2021-09-21 15:43:30,35.7333,140.8333,73.44,87,72,2.59
374,Komsomolskiy,UZ,2021-09-21 15:44:01,40.4272,71.7189,71.82,21,0,6.46
375,Sao Sebastiao,BR,2021-09-21 15:52:58,-23.76,-45.4097,78.17,82,26,13.67
376,Oneonta,US,2021-09-21 15:52:58,42.4529,-75.0638,72.28,70,95,4.0
377,Hennef,DE,2021-09-21 15:52:59,50.7756,7.2831,65.25,49,100,4.07
378,Songea,TZ,2021-09-21 15:52:59,-10.6833,35.65,76.73,34,43,6.53
379,Inta,RU,2021-09-21 15:52:59,66.0317,60.1659,40.17,93,100,6.46
380,Narsaq,GL,2021-09-21 15:43:01,60.9167,-46.05,39.52,37,99,3.44
381,Pedernales,DO,2021-09-21 15:52:59,18.0384,-71.744,85.69,66,9,7.36
382,Maceio,BR,2021-09-21 15:49:54,-9.6658,-35.7353,80.26,64,46,9.33
383,Tiznit,MA,2021-09-21 15:43:23,29.5833,-9.5,71.83,62,16,11.45
384,Khandyga,RU,2021-09-21 15:53:00,62.6667,135.6,32.74,93,10,0.72
385,Ossora,RU,2021-09-21 15:53:00,59.2353,163.0719,48.94,91,100,15.95
386,Kulhudhuffushi,MV,2021-09-21 15:43:42,6.6221,73.07,82.98,76,26,16.89
387,Bixby,US,2021-09-21 15:53:00,35.942,-95.8833,69.15,66,8,18.57
388,Riberalta,BO,2021-09-21 15:53:00,-10.9833,-66.1,105.46,22,60,3.71
389,Kibala,TD,2021-09-21 15:53:01,9.1104,18.3463,82.45,80,74,3.36
390,Sao Joao Da Barra,BR,2021-09-21 15:50:17,-21.6403,-41.0511,83.55,58,0,7.96
391,Tobermory,CA,2021-09-21 15:53:01,45.2501,-81.6665,67.3,89,86,31.12
392,Vidim,RU,2021-09-21 15:53:01,56.4088,103.1106,35.67,80,43,2.91
393,Avelgem,BE,2021-09-21 15:53:01,50.7812,3.4601,69.06,51,96,1.99
394,Eganville,CA,2021-09-21 15:53:01,45.5334,-77.0994,68.52,72,100,11.21
395,Lovozero,RU,2021-09-21 15:53:01,68.005,35.0117,35.28,81,21,5.86
396,Benghazi,LY,2021-09-21 15:44:05,32.1167,20.0667,85.73,47,0,11.77
397,Chicama,PE,2021-09-21 15:44:34,-7.8447,-79.1469,72.37,62,45,9.01
398,Borogontsy,RU,2021-09-21 15:53:02,62.6683,131.1683,33.69,87,2,4.0
399,Nacala,MZ,2021-09-21 15:53:02,-14.5428,40.6728,74.5,77,0,8.61
400,Mandan,US,2021-09-21 15:53:02,46.8267,-100.8896,57.97,33,7,9.8
401,Bronnoysund,NO,2021-09-21 15:53:02,65.4625,12.1997,47.89,82,92,18.05
402,Gerash,IR,2021-09-21 15:53:03,27.6652,54.1371,87.22,24,0,4.81
403,Marrakesh,MA,2021-09-21 15:53:03,31.6315,-8.0083,86.99,23,0,8.37
404,Broome,US,2021-09-21 15:44:56,42.2506,-75.833,71.62,64,85,3.0
405,Lannion,FR,2021-09-21 15:53:02,48.75,-3.4167,65.41,63,24,10.18
406,Fukue,JP,2021-09-21 15:53:03,32.6881,128.8419,76.23,79,73,11.12
407,Miramar,US,2021-09-21 15:53:03,25.9873,-80.2323,84.97,86,91,9.51
408,Urumqi,CN,2021-09-21 15:43:14,43.801,87.6005,59.86,23,100,7.96
409,Vardo,NO,2021-09-21 15:43:35,70.3705,31.1107,44.01,65,8,25.26
410,Sinnamary,GF,2021-09-21 15:53:04,5.3833,-52.95,87.22,61,19,9.08
411,Tiksi,RU,2021-09-21 15:43:28,71.6872,128.8694,32.43,72,100,5.39
412,Sitka,US,2021-09-21 15:43:43,57.0531,-135.33,52.48,95,100,5.99
413,Muravlenko,RU,2021-09-21 15:50:52,63.7898,74.523,33.57,81,100,11.97
414,Shahrud,IR,2021-09-21 15:53:04,36.4182,54.9763,71.65,55,5,8.34
415,Marathon,US,2021-09-21 15:53:04,44.9,-89.7668,59.0,76,43,1.99
416,Paita,PE,2021-09-21 15:53:05,-5.0892,-81.1144,70.52,70,36,13.44
417,Adrar,MR,2021-09-21 15:50:03,20.5022,-10.0711,102.81,13,1,17.78
418,Peniche,PT,2021-09-21 15:53:05,39.3558,-9.3811,80.29,51,0,18.81
419,Whitehorse,CA,2021-09-21 15:43:34,60.7161,-135.0538,43.02,94,100,5.1
420,Comodoro Rivadavia,AR,2021-09-21 15:49:15,-45.8667,-67.5,62.28,36,6,8.48
421,Nagua,DO,2021-09-21 15:53:05,19.3832,-69.8474,89.46,63,52,6.85
422,Tokur,RU,2021-09-21 15:53:06,53.1333,132.9,35.02,92,11,4.47
423,Masterton,NZ,2021-09-21 15:53:06,-40.9597,175.6575,55.78,85,100,5.88
424,Hirara,JP,2021-09-21 15:53:06,24.8,125.2833,83.71,74,2,7.29
425,Yulara,AU,2021-09-21 15:44:25,-25.2406,130.9889,47.84,35,86,11.12
426,Port Lincoln,AU,2021-09-21 15:43:34,-34.7333,135.8667,52.52,83,95,7.25
427,Nouadhibou,MR,2021-09-21 15:50:37,20.931,-17.0347,72.3,80,4,25.72
428,Goderich,CA,2021-09-21 15:53:06,43.7501,-81.7165,73.9,82,71,26.06
429,Gat,IL,2021-09-21 15:43:14,31.61,34.7642,86.4,100,0,11.36
430,Tilichiki,RU,2021-09-21 15:53:07,60.4667,166.1,44.89,88,100,5.55
431,Sola,VU,2021-09-21 15:49:43,-13.8833,167.55,78.55,79,63,15.23
432,Owando,CG,2021-09-21 15:53:07,-0.4819,15.8999,84.79,58,76,4.34
433,Tabou,CI,2021-09-21 15:49:58,4.423,-7.3528,80.06,80,40,10.04
434,Yefremov,RU,2021-09-21 15:53:07,53.1481,38.0992,47.46,93,100,6.55
435,Monterey,US,2021-09-21 15:44:55,36.2505,-121.2516,60.1,26,0,2.71
436,Saint-Francois,FR,2021-09-21 15:44:44,46.4154,3.9054,66.47,77,80,3.33
437,Yazoo City,US,2021-09-21 15:53:08,32.8551,-90.4056,86.76,70,1,6.11
438,Kula,TR,2021-09-21 15:53:08,38.5473,28.6498,74.1,44,22,14.45
439,Lenger,KZ,2021-09-21 15:53:08,42.183,69.8839,64.09,27,0,4.36
440,Kandalaksha,RU,2021-09-21 15:53:08,67.162,32.4123,39.16,71,85,4.81
441,Jalu,LY,2021-09-21 15:53:08,29.0331,21.5482,98.74,12,0,8.61
442,Sao Miguel Do Araguaia,BR,2021-09-21 15:53:08,-13.275,-50.1628,103.69,11,12,7.67
443,Aksu,CN,2021-09-21 15:51:02,41.1231,80.2644,75.79,20,0,3.33
444,Bambanglipuro,ID,2021-09-21 15:44:20,-7.95,110.2833,75.33,90,100,5.26
445,Barao De Melgaco,BR,2021-09-21 15:53:09,-16.1944,-55.9675,110.32,9,15,4.63
446,Dalvik,IS,2021-09-21 15:53:09,65.9702,-18.5286,36.34,97,98,0.36
447,Roma,US,2021-09-21 15:53:09,43.2128,-75.4557,72.84,62,88,1.99
448,El Rosario,MX,2021-09-21 15:53:09,24.2556,-107.1828,85.14,71,85,4.29
449,Gamba,GA,2021-09-21 15:50:55,-2.65,10.0,76.44,79,99,8.19
450,Teya,RU,2021-09-21 15:53:10,60.3778,92.6267,35.02,97,100,6.2
451,Ust-Nera,RU,2021-09-21 15:53:10,64.5667,143.2,32.13,75,35,4.09
452,Broken Hill,AU,2021-09-21 15:44:09,-31.95,141.4333,44.74,72,0,12.86
453,Conway,US,2021-09-21 15:53:10,35.0887,-92.4421,80.02,94,38,10.09
454,Nenton,GT,2021-09-21 15:53:10,15.8,-91.75,78.46,64,10,4.12
455,Pingliang,CN,2021-09-21 15:52:04,35.5392,106.6861,65.73,61,47,4.56
456,Tromso,NO,2021-09-21 15:53:11,69.6496,18.957,46.0,62,92,12.41
457,Kedrovyy,RU,2021-09-21 15:53:11,56.1667,91.8167,34.75,95,100,9.66
458,Termoli,IT,2021-09-21 15:51:13,41.9888,14.9895,70.25,62,37,9.75
459,Blagoyevo,RU,2021-09-21 15:44:33,63.3667,47.9167,37.76,81,93,3.31
460,Makakilo City,US,2021-09-21 15:44:09,21.3469,-158.0858,75.69,80,100,15.88
461,Naze,JP,2021-09-21 15:43:27,28.3667,129.4833,76.05,76,0,3.98
462,Okhotsk,RU,2021-09-21 15:53:12,59.3833,143.3,45.54,62,90,6.49
463,Tsnori,GE,2021-09-21 15:53:12,41.6209,45.9694,75.78,35,30,1.92
464,Lang Suan,TH,2021-09-21 15:53:12,9.9456,99.0785,77.11,86,100,6.33
465,Ajaccio,FR,2021-09-21 15:53:12,42.0,8.9167,69.08,62,30,3.33
466,Sur,OM,2021-09-21 15:53:12,22.5667,59.5289,87.93,61,34,5.5
467,Westerland,DE,2021-09-21 15:48:56,54.9079,8.3033,61.18,81,100,18.12
468,Muzhi,RU,2021-09-21 15:50:43,65.3667,64.6667,41.18,91,93,8.32
469,Melfi,IT,2021-09-21 15:50:32,40.9965,15.6514,73.4,54,19,10.85
470,Leirvik,NO,2021-09-21 15:53:13,59.7798,5.5005,57.63,81,96,8.63
471,Dayong,CN,2021-09-21 15:53:13,25.0209,118.2898,78.19,88,60,2.01
472,Rio De Jesus,PA,2021-09-21 15:53:13,7.9844,-81.1631,85.03,64,93,2.13
473,Deputatskiy,RU,2021-09-21 15:43:29,69.3,139.9,26.92,74,100,2.66
474,Am Timan,TD,2021-09-21 15:53:13,11.0297,20.2827,79.52,84,100,5.17
475,Cayenne,GF,2021-09-21 15:42:47,4.9333,-52.3333,88.09,72,17,4.0
476,Tongliao,CN,2021-09-21 15:44:51,43.6125,122.2653,52.88,91,100,17.36
477,Pimentel,PE,2021-09-21 15:53:14,-6.8367,-79.9342,65.98,78,68,13.2
478,Hualmay,PE,2021-09-21 15:50:11,-11.0964,-77.6139,67.35,69,29,10.38
479,Griffith,US,2021-09-21 15:53:14,41.5284,-87.4237,65.89,89,100,1.99
480,Casteltermini,IT,2021-09-21 15:53:14,37.5405,13.6445,76.8,63,33,3.76
481,Tondano,ID,2021-09-21 15:53:14,1.3038,124.9112,67.89,96,100,3.69
482,Pringsewu,ID,2021-09-21 15:53:14,-5.3582,104.9744,74.26,93,21,2.42
483,Radhanpur,IN,2021-09-21 15:53:15,23.8333,71.6,84.76,73,71,4.99
484,Contamana,PE,2021-09-21 15:53:15,-7.3333,-75.0167,87.42,55,89,1.63
485,Dzhalil,RU,2021-09-21 15:53:15,55.0239,52.7358,46.11,63,96,4.88
486,Muros,ES,2021-09-21 15:43:29,42.7762,-9.0603,73.83,53,1,14.27
487,Verkh-Suetka,RU,2021-09-21 15:53:15,53.3,80.05,40.06,78,100,7.52
488,Manggar,ID,2021-09-21 15:49:58,-2.8833,108.2667,80.15,82,95,12.17
489,Kamiiso,JP,2021-09-21 15:53:15,41.8167,140.65,63.93,85,62,1.99
490,Te Anau,NZ,2021-09-21 15:44:18,-45.4167,167.7167,37.8,94,61,2.48
491,Puerto Madero,MX,2021-09-21 15:53:16,14.7208,-92.4215,82.71,75,53,1.81
492,Samaipata,BO,2021-09-21 15:53:16,-18.15,-63.8667,58.46,80,100,3.76
493,Orlik,RU,2021-09-21 15:53:16,52.5178,99.825,34.02,84,66,2.26
494,Tecoanapa,MX,2021-09-21 15:53:16,16.5167,-98.75,83.86,66,53,3.67
495,Agadez,NE,2021-09-21 15:53:16,19.75,10.25,98.2,8,100,4.03
496,Flinders,AU,2021-09-21 15:53:17,-34.5833,150.8552,50.81,72,28,10.56
497,Juybar,IR,2021-09-21 15:52:51,36.6412,52.9124,73.92,79,40,2.51
498,Coronel,CL,2021-09-21 15:53:17,-37.0167,-73.1333,60.91,49,0,4.72
499,Iquitos,PE,2021-09-21 15:53:17,-3.7481,-73.2472,94.73,45,99,2.68
500,Borovskoy,KZ,2021-09-21 15:53:17,53.8,64.15,37.08,74,1,8.12
501,Kaseda,JP,2021-09-21 15:53:17,31.4167,130.3167,77.88,86,8,6.96
502,Howard Springs,AU,2021-09-21 15:53:17,-12.497,131.047,76.82,66,42,4.63
503,Viedma,AR,2021-09-21 15:53:18,-40.8135,-62.9967,70.45,18,0,10.18
504,Tinskoy,RU,2021-09-21 15:53:18,56.1525,96.9161,37.26,89,77,6.73
505,Rawson,AR,2021-09-21 15:41:31,-43.3002,-65.1023,69.46,22,0,16.89
506,Bassano,CA,2021-09-21 15:53:18,50.7834,-112.4685,58.95,39,26,5.41
507,Rocha,UY,2021-09-21 15:53:18,-34.4833,-54.3333,57.2,64,1,14.92
508,Taloqan,AF,2021-09-21 15:53:18,36.7361,69.5345,70.2,26,0,3.38
509,Abu Samrah,SY,2021-09-21 15:53:19,35.3029,37.1841,85.71,26,0,15.21
510,Rafaela,AR,2021-09-21 15:53:19,-31.2503,-61.4867,69.06,25,49,5.99
511,Monte Carmelo,BR,2021-09-21 15:53:19,-18.7247,-47.4986,97.27,16,15,7.29
512,Paraiso,CR,2021-09-21 15:53:19,9.8383,-83.8656,79.88,44,37,3.74
513,Fort-Shevchenko,KZ,2021-09-21 15:53:19,44.5086,50.263,71.22,43,56,4.81
514,Magadan,RU,2021-09-21 15:53:19,59.5667,150.8,41.47,82,100,10.63
515,Eyl,SO,2021-09-21 15:53:19,7.9803,49.8164,78.35,77,99,21.09
516,Salalah,OM,2021-09-21 15:52:32,17.0151,54.0924,79.43,84,86,5.59
517,Norman Wells,CA,2021-09-21 15:53:20,65.282,-126.8329,42.71,83,100,9.44
518,Andenes,NO,2021-09-21 15:53:20,69.3143,16.1194,44.47,68,97,23.69
519,Ahvaz,IR,2021-09-21 15:46:14,31.3203,48.6693,98.85,9,0,11.61
520,Katastarion,GR,2021-09-21 15:53:20,37.8333,20.7667,78.42,71,74,9.08
521,Bystryy Istok,RU,2021-09-21 15:53:20,52.371,84.3873,36.05,87,59,5.61
522,Motygino,RU,2021-09-21 15:53:20,58.1831,94.7592,33.17,97,99,4.68
523,Ahipara,NZ,2021-09-21 15:53:19,-35.1667,173.1667,58.14,90,100,11.86
524,Eirunepe,BR,2021-09-21 15:53:21,-6.6603,-69.8736,99.43,35,10,2.3
525,Paragominas,BR,2021-09-21 15:53:21,-2.9667,-47.4833,97.45,34,19,5.12
526,Namibe,AO,2021-09-21 15:43:59,-15.1961,12.1522,66.52,76,5,8.28
527,Talcahuano,CL,2021-09-21 15:53:21,-36.7167,-73.1167,55.17,63,0,8.43
528,Koslan,RU,2021-09-21 15:49:59,63.4564,48.8989,38.14,77,94,3.98
529,Uvat,RU,2021-09-21 15:53:21,59.1433,68.8953,40.69,81,100,8.95
530,Strezhevoy,RU,2021-09-21 15:49:42,60.7333,77.5889,34.65,99,100,4.41
531,Mutoko,ZW,2021-09-21 15:53:22,-17.397,32.2268,75.69,14,0,9.4
532,Wuda,CN,2021-09-21 15:53:22,39.4994,106.7117,72.46,26,98,2.33
533,Rosarito,MX,2021-09-21 15:53:22,32.3333,-117.0333,83.25,64,0,4.9
534,Santa Cruz,BO,2021-09-21 15:44:17,-17.8,-63.1667,85.35,36,48,15.66
535,Botou,CN,2021-09-21 15:53:22,38.0667,116.5667,64.9,80,1,4.85
536,Kramat,ID,2021-09-21 15:53:22,-8.1311,113.4499,74.32,92,100,1.21
537,San Cosme Y Damian,PY,2021-09-21 15:53:23,-27.3167,-56.35,62.44,86,100,9.93
538,Haines Junction,CA,2021-09-21 15:49:43,60.7522,-137.5108,40.32,96,100,3.06
539,Coahuayana,MX,2021-09-21 15:43:39,18.7333,-103.6833,85.32,68,8,2.75
540,Raudeberg,NO,2021-09-21 15:50:07,61.9875,5.1352,53.2,93,100,5.99
541,Jiangyou,CN,2021-09-21 15:53:23,31.7667,104.7167,74.05,82,99,1.77
542,Avera,US,2021-09-21 15:44:32,33.194,-82.5271,78.91,87,98,4.59
543,Yanam,IN,2021-09-21 15:49:35,16.7333,82.2167,78.94,85,100,4.59
544,Umm Bab,QA,2021-09-21 15:53:24,25.2142,50.8072,89.04,50,0,8.61
545,Abu Dhabi,AE,2021-09-21 15:50:24,24.4667,54.3667,90.73,61,7,12.33
546,Toktogul,KG,2021-09-21 15:53:24,41.8708,72.9402,66.31,34,0,1.83
547,Chengde,CN,2021-09-21 15:53:24,40.9725,117.9361,53.56,81,58,3.04
548,Honiara,SB,2021-09-21 15:53:24,-9.4333,159.95,75.85,89,52,3.27
549,Sangar,RU,2021-09-21 15:51:05,63.9242,127.4739,36.28,85,88,6.46
550,Waipawa,NZ,2021-09-21 15:43:51,-41.4122,175.5153,54.45,81,100,7.47
551,Trinidad,BO,2021-09-21 15:53:24,-14.8333,-64.9,95.94,29,84,6.53
552,Manoel Urbano,BR,2021-09-21 15:53:25,-8.8389,-69.2597,100.06,32,12,2.55
553,Camacha,PT,2021-09-21 15:51:07,33.0833,-16.3333,68.5,72,75,17.94
554,Samarai,PG,2021-09-21 15:49:52,-10.6167,150.6667,78.01,86,100,13.4
555,Saint-Augustin,CA,2021-09-21 15:43:58,51.226,-58.6502,70.38,50,30,16.84
556,Girvan,GB,2021-09-21 15:53:25,55.2426,-4.8555,61.52,77,100,9.44
557,Jamame,SO,2021-09-21 15:53:26,0.0722,42.7506,76.51,80,20,9.13
558,Tolaga Bay,NZ,2021-09-21 15:51:01,-38.3667,178.3,52.65,77,73,5.08
559,Kousseri,CM,2021-09-21 15:50:02,12.0769,15.0306,90.81,49,43,8.75
560,Itarema,BR,2021-09-21 15:43:41,-2.9248,-39.9167,88.45,52,48,17.94
561,Kamenka,RU,2021-09-21 15:51:14,51.3223,42.7678,55.78,65,96,6.76
562,Tartagal,AR,2021-09-21 15:53:26,-22.5164,-63.8013,66.2,62,100,7.99
563,Ponta Delgada,PT,2021-09-21 15:44:28,37.7333,-25.6667,73.89,63,10,8.95
564,Tortoli,IT,2021-09-21 15:53:27,39.9256,9.6572,74.82,71,99,3.74
565,Kushalgarh,IN,2021-09-21 15:53:27,23.199,74.4507,76.35,92,83,5.61
566,Kyabram,AU,2021-09-21 15:53:27,-36.3167,145.05,46.87,76,81,7.87
567,Hun,LY,2021-09-21 15:53:27,29.1268,15.9477,99.03,10,0,10.96
568,Galveston,US,2021-09-21 15:53:27,29.3669,-94.9669,90.03,79,3,1.99
569,Zemio,CF,2021-09-21 15:53:27,5.0314,25.1361,72.68,90,86,4.34
570,Kjollefjord,NO,2021-09-21 15:53:28,70.9457,27.3465,44.37,66,50,27.36
571,Aswan,EG,2021-09-21 15:50:09,24.0934,32.907,100.29,11,4,7.78
572,Dalbandin,PK,2021-09-21 15:44:16,28.8947,64.4101,85.46,9,0,8.59
573,Beidao,CN,2021-09-21 15:53:28,34.5686,105.8933,63.1,88,11,5.12
574,Mount Isa,AU,2021-09-21 15:43:47,-20.7333,139.5,57.09,18,41,22.7
575,Pahrump,US,2021-09-21 15:44:48,36.2083,-115.9839,76.24,19,0,1.95
576,Uren,RU,2021-09-21 15:53:28,57.4552,45.7852,45.66,59,100,10.45
577,Shasta Lake,US,2021-09-21 15:53:29,40.6804,-122.3708,74.8,31,0,4.63
578,Noumea,NC,2021-09-21 15:46:29,-22.2763,166.4572,66.97,76,8,4.81
579,Erenhot,CN,2021-09-21 15:44:26,43.6475,111.9767,61.52,46,0,9.26
580,Lata,PT,2021-09-21 15:44:01,40.1629,-8.3327,82.08,22,0,9.42
581,Point Fortin,TT,2021-09-21 15:53:29,10.1833,-61.6833,93.02,67,14,10.2
582,Najran,SA,2021-09-21 15:43:48,17.4924,44.1277,86.61,26,41,15.19
583,Walvis Bay,NA,2021-09-21 15:49:44,-22.9575,14.5053,63.36,59,27,9.04
584,Blackwater,AU,2021-09-21 15:53:30,-23.5833,148.8833,50.14,32,0,12.3
585,Motala,SE,2021-09-21 15:53:30,58.5371,15.0365,49.93,91,100,8.25
586,Shache,CN,2021-09-21 15:53:30,38.4167,77.2406,75.56,14,0,3.18
587,Carbonia,IT,2021-09-21 15:53:30,39.1672,8.5222,75.85,68,100,4.32
588,Vao,NC,2021-09-21 15:53:30,-22.6667,167.4833,72.03,76,96,16.02
589,Hammerfest,NO,2021-09-21 15:53:30,70.6634,23.6821,44.8,62,4,19.69
